D5;R;;500m;;;;;;;;;;
D2;R;;2;;;;;;;;;;
D1;;;Rotonde De DerperschÃ¢ns;;;;;;;;;;
D5;R;;";na 50 meter";;;;;;;;;;
D5;R;;ENTREE BAVO NA 50 METER RECYT;;;;;;;;;;
D1;;;hier NIET parkeren;;;;;;;;;;
D6;R;;m.u.v. leveranciers Hortus&UvA;;;;;;;;;;
D4;;;uitgezonderd onze gasten;;;;;;;;;;
D5;R;;"uitgezonderd;uitgezonderd lijnbussen";;;;;;;;;;
D5;L;;Doorgaand vrachtverkeer;;;;;;;;;;
D4;;;Werkverkeer via rotonde;;;;;;;;;;
D7;;;uitrit;;;;;;;;;;
D4;;;voertuigen langer dan 10 m;;;;;;;;;;
D4;;;uitgezonderd nood- en hulpdiensten;;;;;;;;;;
D4;;;Geldt alleen voor vrachtauto's;;;;;;;;;;
D2;R;;taxi ontheffing Amsterdam niet toegestaan;;;;;;;;;;
D4;;;alleen voor voertuigen langer dan 5 m;;;;;;;;;;
D5;R;;Verboden geluidsoverlast te veroorzaken;;;;;;;;;;
D1;;;Let op ! Verhoogde baanscheiding;;;;;;;;;;
D2;R;;24/7 camerabewaking;;;;;;;;;;
D6;R;;U nadert het knooppunt circa 0;6 km;;;;;;;;;
D6;L;;Uitgezonderd Rouwauto's;;;;;;;;;;
D5;L;;GELDT NIET VOOR FIETSERS;;;;;;;;;;
D4;;;"uitgezonderd;UITGANG";;;;;;;;;;
D5;L;;"uitgezonderd;uitgezonderd bestemmingsverkeer";;;;;;;;;;
E8;;;Ma; di; do;"en vr 08.00-09.00 h en 14.30-15.30 h wo 08.00-09.00 h en 12.00-13.00 h;Bestemd voor het onmiddellijk uit- en instappen passagiers / schoolkinderen ma"; di; do;en vrij 08.00-09.00 h 14.30-15.30 h woensdag 08.00-09.00 h 12.00-13.00 h max. 15 min.;;;;
D5;L;;behalve (brom) fietsen;;;;;;;;;;
D3;;;inrit;;;;;;;;;;
D5;R;;"uitgezonderd lijnbussen;7.00 - 12.00 h;";;;;;;;;;;
D4;;;uitgezonderd werkverkeer;;;;;;;;;;
D5;L;;verplichte rijrichting vrachtauto's;;;;;;;;;;
D1;;;Let op!: verhoogde baanscheiding;;;;;;;;;;
D5;L;;verplichte rijrichting;;;;;;;;;;
D5;L;;"Langer dan 10 m;situatie gewijzigd";;;;;;;;;;
D6;R;;"ma t/m vr 8.20- 8.50 h 14..30-15.00 h;uitgezonderd;woe 8.20-8.50 h 12.15-12.45 h";;;;;;;;;;
D2;L;;uitgezonderd lijnbussen;;;;;;;;;;
D4;;;"ma t/m vr 06.00-19.00h 15.00-19.00h;uitgezonderd";;;;;;;;;;
D4;;;Uitgezonderd aantoonbaar bestemmings- verkeer en;;;;;;;;;;
D5;L;;Bedrijfsvoertuigen Van den Hove;;;;;;;;;;
D5;R;;"langer dan 10m.;uitgezonderd bussen";;;;;;;;;;
D6;R;;Alleen voor voertuigen langer dan 11 m;;;;;;;;;;
D4;;;Brom Snofietsers;;;;;;;;;;
D4;;;alleen voor vrachtverkeer;;;;;;;;;;
D5;L;;"uitgezonderd;uitgezonderd bestemmingsverkeer Prinsenstichting";;;;;;;;;;
D5;L;;";en brommobielen";;;;;;;;;;
D2;Unknown;;;;;;;;;;;;
D6;L;;"ma-vrij 7-9 h;";;;;;;;;;;
D5;R;;"uitgezonderd;uitgezonderd aantoonbare bestemming";;;;;;;;;;
D5;L;;uitgezonderd bouwverkeer;;;;;;;;;;
D5;;;";";;;;;;;;;;
D4;;;Uitgezonderd aanwonenden;;;;;;;;;;
D6;R;;"uitgezonderd;uitgezonderd bestemmingsverkeer";;;;;;;;;;
D4;;;";uitgezonderd reinigingsdienst & bezoekers Bodestraat 3";;;;;;;;;;
D4;;;Let op! verkeerssituatie gewijzigd.;;;;;;;;;;
D5;L;;"uitgezonderd bestemmingsverkeer;Winkels bereikbaar";;;;;;;;;;
D2;R;;Slagboom sluit na ieder voertuig;;;;;;;;;;
D4;;;"uitgezonderd;bestemmingsverkeer hannekemaaierweg Benedenrijweg nr.435 en autobussen -lijndiensten;ma t/m vr 7.00-9.00 h";;;;;;;;;;
D4;;;uitgezonderd TENNET;;;;;;;;;;
D6;L;;"uitgezonderd lijnbussen;";;;;;;;;;;
D5;;;";uitgezonderd bestemmingsverkeer";;;;;;;;;;
D2;R;;"Barrier closes after every car;De slagboom sluit na iedere auto";;;;;;;;;;
D1;;;Let op! verhoogde baanscheiding;;;;;;;;;;
D4;;;"uitgezonderd bestemmingsverkeer;uitgezonderd";;;;;;;;;;
D5;R;;M.u.v. lijndiensten en voertuigen met ontheffing;;;;;;;;;;
D2;R;;let op 1 auto per keer;;;;;;;;;;
D5;L;;Uitgezonderd ambulances;;;;;;;;;;
D5;R;;Uitgezonderd vergunningshouders;;;;;;;;;;
D5;L;;doorgaand landbouwverkeer;;;;;;;;;;
D5;R;;uitgezonderd lijnbussen taxi's en ( brom )fietsers;;;;;;;;;;
D5;L;;uitgezonderd ontheffinghouders;;;;;;;;;;
D5;R;;Park the truck and go to the office;;;;;;;;;;
D6;R;;150m;;;;;;;;;;
D1;;;2;5km;;;;;;;;;
D6;R;;Alleen voor voertuigen langer dan 11m;;;;;;;;;;
D6;L;;"ma t/m vr 8.20-8.50h 14.30-15.00 h;uitgezonderd;Woe 8.20-8.50 h 12.15-12.45 h";;;;;;;;;;
D7;;;m.u.v. brandweer;;;;;;;;;;
D4;;;uitgezonderd lijnbussen bestemmingsverkeer nrs. 5 t/m 19;;;;;;;;;;
D2;;;;;;;;;;;;;
D5;R;;Bouwverkeer;;;;;;;;;;
D4;;;uitgezonderd ontheffinghouders voertuigreglement;;;;;;;;;;
D5;R;;";uitgezonderd";;;;;;;;;;
D5;;;;;;;;;;;;;
D7;;;m.u.v. strooiwagens;;;;;;;;;;
D4;;;uitgezonderd bevoorrading;;;;;;;;;;
D5;L;;"uitgezonderd bestemmings- en landbouwverkeer;doorrijden toegestaan voor verkoop aardappels Abbekindersezandweg 4";;;;;;;;;;
D6;R;;"uitgezonderd;en bestemmingsverkeer";;;;;;;;;;
D6;R;;"uitgezonderd;ma t/m vr 08.10-08.40 h en 15.00-15.30 h (uitgezonderd wo);Schoolstraat";;;;;;;;;;
D4;;;Poedermakerij eerst keren via T6;;;;;;;;;;
D7;;;onleesbaar;;;;;;;;;;
D6;L;;"uitgezonderd;Situatie gewijzigd";;;;;;;;;;
D4;;;MIL VTGN;;;;;;;;;;
D4;;;UITGEZONDERD BROMFIETSERS;;;;;;;;;;
D6;R;;uitgezonderd ontheffinghouders;;;;;;;;;;
D4;;;langer dan 10m.;;;;;;;;;;
D4;;;"uitgezonderd;uitgezonderd brommobielen";;;;;;;;;;
D6;L;;Geldt alleen voor achtwagens;;;;;;;;;;
D5;R;;langer dan 10m;;;;;;;;;;
D5;R;;"ma t/ m vr 8.15-8.45h 14.00-14.30h;uitgezonderd";;;;;;;;;;
D4;;;Let op! Kereri via trambaan levensgevaarlijk;;;;;;;;;;
D4;;;"ma. t/m vr. 08.00-16.00 h;uitgezonderd";;;;;;;;;;
D4;;;ma t/m vr 8.00-9.00 h;;;;;;;;;;
D5;L;;langer dan 6 meter;;;;;;;;;;
D1;;;sbo De Oase uitsluitend kork parkeren halen en brengen;;;;;;;;;;
D6;R;;LET OP! Verkeerssituatie gewijzigd;;;;;;;;;;
D2;R;;EIGEN TERREIN;;;;;;;;;;
D6;R;;uitgezonderd ontheffing- houders (brom)fietsers;;;;;;;;;;
D4;;;"uitsluitend van ma t/m vr tussen 1.00 en 18.00 h;uitgezonderd bestemmingsverkeer";;;;;;;;;;
D6;L;;Sportpark Winsum Marenland/ Restaurant De Jongens Schilligeham;;;;;;;;;;
D6;R;;21.00 en 6.00 u en op zondagen;;;;;;;;;;
D5;R;;na 100 m;;;;;;;;;;
D1;;;VERBODEN TE PARKEREN;;;;;;;;;;
D4;;;wegsleepregeling van kracht;;;;;;;;;;
D2;R;;oprijden tot stopstreep;;;;;;;;;;
D5;R;;uitgezonderd rouwauto's.;;;;;;;;;;
D5;L;;30t;;;;;;;;;;
D5;R;;Langzaam oprijden Slagboom opent automatisch;;;;;;;;;;
D5;R;;alleen voor vrachtwagens;;;;;;;;;;
D6;R;;"Zie foto;uitgezonderd";;;;;;;;;;
D4;;;voertuigen hoger dan 1.9m;;;;;;;;;;
D5;L;;"uitgezonderd ontheffing-houders;uitgezonderd";;;;;;;;;;
D5;;;uitgezonderd;;;;;;;;;;
D1;;;Schillemans rotonde;;;;;;;;;;
D6;L;;"ma t/m vr 15.00-18.30 h;1";6 km;;;;;;;;;
D4;;;"uitgezonderd;na 30 m;let op !! afsluitpiramide komt uit de grond";;;;;;;;;;
D5;L;;m.u.v. ontheffinghouders;;;;;;;;;;
D5;R;;"uitgezonderd;en bewoners achter de Arnhemse Poortwal";;;;;;;;;;
D4;;;uitgezonderd lijnbussen en (brom)fietsers;;;;;;;;;;
D4;;;langer dan 6 mtr.;;;;;;;;;;
D4;;;";uitgezonderd reinigingsdienst&bezoekers Bodestraat 3";;;;;;;;;;
D6;L;;op schooldagen tussen 8.00-8.30 u en 14.00-14.30 u m.u.v. fietsers;;;;;;;;;;
D5;R;;m.u.v. (brom)fietsers;;;;;;;;;;
D5;R;;BEHOUDENS LEVERANCIERS;;;;;;;;;;
D4;;;Parallelweg;;;;;;;;;;
D5;R;;Hoger dan 3 mtr;;;;;;;;;;
D6;R;;ALLEEN VOOR VOERTUIGEN LANGER DAN 5M;;;;;;;;;;
D4;;;"2x;uitgezonderd lijnbussen";;;;;;;;;;
D6;L;;ma t/m vr 15.00-18.30 h;;;;;;;;;;
D5;L;;uitgezonderd fietsers;;;;;;;;;;
D5;R;;motorvoertuigen;;;;;;;;;;
D5;L;;m.u.v. aanwonenden en fietsers;;;;;;;;;;
D6;R;;Let op inrit;;;;;;;;;;
D1;;;Fietsers op rotonde hebben voorrang;;;;;;;;;;
D6;L;;"uitgezonderd;uitgezonderd bestemmingsverkeer";;;;;;;;;;
L8;;;Huisnr's:17;19;21;21A;23;25;27;29;31;33;35
D4;;;uitgezonderd ontheffinghouders;;;;;;;;;;
D4;;;inrit;;;;;;;;;;
D5;L;;uitgezonderd voertuigen korter dan 8 m;;;;;;;;;;
D6;R;;voor voertuigen en samenstellen van voertuigen waarvan de totale massa hoger Is dan 3;5 t;;;;;;;;;
D1;;;Let op ! verhoogde baanscheiding;;;;;;;;;;
D6;R;;UITGEZONDERD WERK;;;;;;;;;;
D6;R;;"ma t/m vr 8.15-8.45h 14.00-14.30h;uitgezonderd";;;;;;;;;;
D2;R;;EERST MELDEN BIJ PORTIER;;;;;;;;;;
D2;R;;VERBODEN VOOR HONDEN;;;;;;;;;;
D4;;;Uitsluiten voertuigen 12m;;;;;;;;;;
D4;;;m.u.v. vergunninghouder;;;;;;;;;;
D5;R;;uitgezonderd lijnbussen leveranciers en (brom) fietsers;;;;;;;;;;
D6;R;;Alleen voor voertuigen langer dan 5m;;;;;;;;;;
D7;;;"uitgezonderd bestemmingsverkeer;";;;;;;;;;;
D6;R;;"Parkeren alleen bewoners Beukenrode Chopinlaan 2;Wegsleepregeling van kracht";;;;;;;;;;
D7;;;eigen terrein;;;;;;;;;;
D5;L;;"uitgezonderd;uitgezonderd";;;;;;;;;;
D6;L;;"Navigatie uitschakelen;";;;;;;;;;;
D5;L;;uitrit;;;;;;;;;;
D5;D5l;;";";;;;;;;;;;
D6;L;;";ma. t/m. vr7.00-9.00 h";;;;;;;;;;
D4;;;DUS NIET LINKSAF!;;;;;;;;;;
D4;;;parkeren achter kerkgebouw in de parkeervakken;;;;;;;;;;
D4;;;Na het spoor;;;;;;;;;;
D4;;;ma-t/m-vr 7.00-9.00h;;;;;;;;;;
D4;;;Voor voertuigen langer dan 8 m;;;;;;;;;;
D5;L;;"uitgezonderd lijnbussen;;";;;;;;;;;;
D6;R;;Langer dan 6 meter;;;;;;;;;;
D2;R;;Brug open Motor af;;;;;;;;;;
D2;R;;OPRIJDEN TOT STOPSTREEP;;;;;;;;;;
D1;;;let op! verhoogde rijbaanscheiding;;;;;;;;;;
D5;L;;";van 06.00-1200 h en 18.00-20.00 h voertuigen kleiner dan 10 m";;;;;;;;;;
D5;R;;geldt ook voor brom/fietsers;;;;;;;;;;
D7;;;"uitgezonderd lijnbussen;uitgezonderd";;;;;;;;;;
D4;;;Alleen voor voertuigen langer dan 11 m;;;;;;;;;;
D5;L;;camerabewaking;;;;;;;;;;
D5;R;;30 m;;;;;;;;;;
D5;R;;";uitgezonderd P.de Coubertinweg huisnummers 5 en 7";;;;;;;;;;
D6;R;;m.u.v. taxi's;;;;;;;;;;
D4;;;"ma. t/m vr. 7.00 - 9.30 uur;Uitgezonderd landbouwverkeer en aanwonenden";;;;;;;;;;
D5;L;;"uitgezonderd bestemmingsverkeer;uitgezonderd;uitgezonderd;uitgezonderd";;;;;;;;;;
D4;;;"uitgezonderd lijnbussen;uitgezonderd bouwverkeer Amphia";;;;;;;;;;
D6;R;;"uitgezonderd;uitgezonderd";;;;;;;;;;
D4;;;geldt alleen voor vrachtauto's;;;;;;;;;;
D4;;;VOERTUIGEN LANGER DAN 10 M;;;;;;;;;;
D5;L;;Uitgezonderd voertuigen korter dan 10m;;;;;;;;;;
D4;;;behalve (brom) fietsen;;;;;;;;;;
D5;L;;vrachtverkeer;;;;;;;;;;
D6;L;;21.00 en 6.00 u en op zondagen;;;;;;;;;;
D5;L;;"uitgezonderd;en aanwonenden";;;;;;;;;;
D2;RO;;;;;;;;;;;;
D6;R;;ma t/m vr 7-9 h;;;;;;;;;;
D4;;;uitgezonderd (brom-) fietsers en taxi's;;;;;;;;;;
D5;L;;uitgezonderd (snor)fietsers;;;;;;;;;;
D4;;;"ma t/m vr 07.00-09.00 h uitgezonderd 100 m;na 100 m;uitgezonderd";;;;;;;;;;
D4;;;Dit terrein en pand worden bewaakt middel van;;;;;;;;;;
D5;R;;";";;;;;;;;;;
D4;;;uitgezonderd brandweer bij calamiteit;;;;;;;;;;
D4;;;"uitgezonderd;ma t/m vr 06-09 h 15- 19 h";;;;;;;;;;
D5;L;;uitgezonderd lijndienst;;;;;;;;;;
D5;R;;"uitgezonderd;uitgezonderd bewoners-bezoekers";;;;;;;;;;
D5;L;;"Bezoekers;";;;;;;;;;;
D5;R;;ALLEEN VOOR VOERTUIGEN LANGER DAN 5  m;;;;;;;;;;
D5;L;;verplicte rijrichting;;;;;;;;;;
D4;;;ma t/m vr 22.00-06.00h zaterdag+zondag;;;;;;;;;;
D5;R;;VOOR MOTORVOERTUIGEN;;;;;;;;;;
D2;R;;";wegsleepregeling van kracht";;;;;;;;;;
D5;R;;";uitgezonderd bestemmingsverkeer";;;;;;;;;;
D6;L;;"uitgezonderd;Tram";;;;;;;;;;
D6;R;;"Betaald Parkeren 1-1 t/m 31-12 ma t/m zo 9-19 h;FIETSERS AFSTAPPEN RADFAHRER ABSTEIGEN";;;;;;;;;;
D5;R;;brommobielen;;;;;;;;;;
D4;;;uitgezonderd bouwverkeer Thiendenland;;;;;;;;;;
D4;;;"uitgezonderd lijnbussen;uitgezonderd bezoekers Rabobank";;;;;;;;;;
D4;;;Alleen voor voertuigen langer dan 5m;;;;;;;;;;
D3;;;Eigen terrein Parkeren op eigen risico;;;;;;;;;;
D5;L;;fietsstraat toegestaan;;;;;;;;;;
D6;L;;Let op verkeerssituatie gewijzigd.;;;;;;;;;;
D2;R;;Slagbomen dalen automatisch;;;;;;;;;;
D4;;;uitgezonderd bouwverkeer;;;;;;;;;;
D2;L;;"uitgezonderd lijnbussen;na 600m;uitgezonderd";;;;;;;;;;
D4;;;uitgezonderd voertuigen korter dan 8 m;;;;;;;;;;
D7;;;150 m;;;;;;;;;;
D5;R;;"200 m;uitgezonderd";;;;;;;;;;
D5;L;;";langer dan 8 m";;;;;;;;;;
D2;R;;Betaald parkeren €3;#NAAM?;;;;;;;;;
D5;L;;1 MEI TOT 1 SEPTEMBER;;;;;;;;;;
D1;;;let op ! verhoogde rijbaan scheiding;;;;;;;;;;
D2;R;;;;;;;;;;;;
D4;;;Uitgezonderd taxi;;;;;;;;;;
D4;;;Uitgezonderd bevoorrading winkels. invaliden en;;;;;;;;;;
D5;R;;uitgezonderd lijndiensten en openbaarvervoer;;;;;;;;;;
D5;L;;GELDT UITSLUITEND VOOR AUTO'S;;;;;;;;;;
D4;;;ultgezonderd hulpdiensten;;;;;;;;;;
D4;;;PARKEREN OP EIGEN RISICO;;;;;;;;;;
D5;R;;;;;;;;;;;;
D5;R;;Bouwverkeer Doetse Vliet;;;;;;;;;;
D2;R;;Oprijden tot stopstreep;;;;;;;;;;
D6;L;;"uitgezonderd;Uitgezonderd ontheffing - houders";;;;;;;;;;
D5;R;;";brommobielen";;;;;;;;;;
D4;;;uitgezonderd huisvuil- wagens;;;;;;;;;;
D5;R;;Uitgezonderd (Brom) fietsers;;;;;;;;;;
D6;R;;"Uitgezonderd laden en lossen 07.00-11.00 h;uitgezonderd";;;;;;;;;;
D5;L;;onleesbaar;;;;;;;;;;
D5;L;;"uitgezonderd lijnbussen;;7.00-12.00 h";;;;;;;;;;
D1;;;uitsluitend parkeren in de vakken;;;;;;;;;;
D5;R;;uitgezonderd fietsers en ontheffinghouders Seepaerdstad;;;;;;;;;;
D4;;;"uitgezonderd;onleesbaar";;;;;;;;;;
D6;L;;"Ma t/m vr 8.15-8.45h 14.00-14.30h;uitgezonderd";;;;;;;;;;
D5;R;;30m;;;;;;;;;;
D4;;;Voertuigen langer dan 6 meter;;;;;;;;;;
D4;;;uitgezonderd 19.00-08.00 h;;;;;;;;;;
D6;L;;Uitgezonderd laden en lossen 07.00-12.00 h;;;;;;;;;;
D4;;;uitgezonderd lijnbussen en ontheffinghouders;;;;;;;;;;
D5;L;;m.u.v. gargehouder;;;;;;;;;;
D5;L;;na 200m;;;;;;;;;;
D4;;;PARALLELWEG;;;;;;;;;;
D1;;;LET OP! verhoogde baanscheiding;;;;;;;;;;
D5;L;;"Uitgezonderd lijndienst en (brom-) fietsers;slagbomen dalen automatisch";;;;;;;;;;
D4;;;";geldt alleen voor vrachtwagens";;;;;;;;;;
D4;;;uitgezonderd ontheffing- houders (brom)fietsers;;;;;;;;;;
D5;L;;"uitgezonderd;Betaald parkeren maandag t/m zaterdag van 09.00 uur tot 15.00 uur eerste 2 uren 0";50 per uur daarna 2;30 per uur;;;;;;;;
D5;R;;Snorfietsen op Prins Hendrikkade op fietspad;;;;;;;;;;
D6;R;;";snorfietsen niet toegestaan";;;;;;;;;;
D6;R;;Brug open motor af;;;;;;;;;;
D4;;;uitgezonderd bezoekers & expeditieverkeer Inntel hotel 06.00-07.00 uur 10.00-12.00 uur 20.00-22.00 uur;;;;;;;;;;
D4;;;UITGEZONDERD (BROM-)FIETSERS;;;;;;;;;;
D4;;;uitgezonderd voertuigen korter dan 5 m.;;;;;;;;;;
D2;R;;Verhoogde rijbaanscheiding;;;;;;;;;;
D6;R;;";ma t/m vr 07-09h;uitgezonderd";;;;;;;;;;
D4;;;camerabewaking;;;;;;;;;;
D2;R;;uitgezonderd voertuigen langer dan 8 m;;;;;;;;;;
D5;R;;"uitgezonderd;uitgezonderd bezoekers Toyota garage";;;;;;;;;;
D6;R;;onleesbaar;;;;;;;;;;
D4;;;voertuigen hoger dan 1;9 m;;;;;;;;;
D6;R;;uitgezonderd ontheffingshouders;;;;;;;;;;
onbekend;;;Ma. t/m vr. van 9;00 tot 19;00 van Do.vam 9;00 tot 21;00 uur Za.van 9;00 tut 17;00 uur Koopzontag van 12;00 tut 17;00 uur;;
D5;L;;ma t/m vrij 08.00 t/m 10.00h;;;;;;;;;;
D2;L;;BEZOEKERS;;;;;;;;;;
D5;L;;ma t/m vr 06-09 h;;;;;;;;;;
D6;L;;"uitgezonderd;;Ma. t/m vr. 17h - 19h";;;;;;;;;;
D5;R;;uitgezonderd lijnbussen en (brom) fietsers;;;;;;;;;;
D4;;;uitgezonderd gasten en pashouders;;;;;;;;;;
D5;R;;uitgezonderd;;;;;;;;;;
D4;;;langer dan 8 meter;;;;;;;;;;
D4;;;ALLEEN VOOR VOERTUIGEN LANGER DAN 5M;;;;;;;;;;
D4;;;RECHTS VOORRANG;;;;;;;;;;
D6;R;;alleen vrachtauto's;;;;;;;;;;
D4;;;Parkeren op eigen risico;;;;;;;;;;
D2;R;;"LET OP ! Eigen Terrein onleesbaar bij onbevoegd parkeren;LET OP! Toegangssysteem gewijzigd";;;;;;;;;;
D5;L;;"100m;rechtdoor via brug oversteken";;;;;;;;;;
D5;R;;"uitgezonderd;UITGEZONDERD LIJNBUSSEN EN TAXIS";;;;;;;;;;
D4;;;uitgezonderd ambulance  SEH-HAP lossen apotheek en b-ritten;;;;;;;;;;
D5;R;;Uitgezonderd Fietsers;;;;;;;;;;
D1;;;"uitgezonderd;uitgezonderd";;;;;;;;;;
D6;L;;uitgezonderd ontheffing- houders (brom)fietsers;;;;;;;;;;
D6;L;;"uitgezonderd;uitgezonderd ontheffingshouders";;;;;;;;;;
D6;L;;Voor voertuigen en samenstellen van voertuigen waarvan de totale massa hoger is dan 3;5 t;;;;;;;;;
D4;;;"ma t/m vr 06.00-09.00h 15.00-19.00 h;uitgezonderd";;;;;;;;;;
D4;;;LET OP! VOORRANG VERLENEN;;;;;;;;;;
D4;;;"na 30m;uitgezonderd";;;;;;;;;;
D7;;;"uitgezonderd;";;;;;;;;;;
D5;R;;80 m;;;;;;;;;;
D5;L;;";Rechtsaf Uitsluitend bestemmingsverkeer";;;;;;;;;;
D6;L;;Uitgezonderd lijnbussen;taxi's en fietsers;;;;;;;;;
D5;R;;";uitgezonderd aantoonbaar bestemmingsverkeer en lijnbussen";;;;;;;;;;
D5;;;wegsleepregeling van kracht;;;;;;;;;;
D6;R;;uitgezonderd hulpdiensten;;;;;;;;;;
D6;R;;"uitgezonderd;ma t/m vrij 8.00 tot 9.00 h";;;;;;;;;;
D6;L;;uitgezonderd lijnbussen en ontheffingshouders;;;;;;;;;;
D4;;;"uitgezonderd lijnbussen;uitgezonderd op wo. en za.";;;;;;;;;;
D4;;;"uitrit hulpdiensten;uitgezonderd ambulance en brandweer";;;;;;;;;;
D4;;;";langer dan 8 meter";;;;;;;;;;
D5;R;;uitgezonderd lijnbussen;;;;;;;;;;
D5;R;;Alleen vrachtverkeer;;;;;;;;;;
D1;;;Fietsers hebben voorrang;;;;;;;;;;
D4;;;uitgezonderd Brandweer;;;;;;;;;;
D5;R;;Let op! Verkeerssituatie gewijzigd;;;;;;;;;;
D1;;;Rotonde Nisseroi;;;;;;;;;;
D5;R;;uitgezonderd vrachtauto's;;;;;;;;;;
D4;;;uitgezonderd ambulance;;;;;;;;;;
D6;L;;"uitgezonderd bestemmingsverkeer;uitgezonderd bestemmingsverkeer";;;;;;;;;;
D4;;;"uitgezonderd;m.u.v. landbouwverkeer";;;;;;;;;;
D5;L;;Langer dan 10 meter;;;;;;;;;;
D4;;;uitgezonderd vrachtwagens;;;;;;;;;;
D6;L;;PARKEREN VOORZIJDE;;;;;;;;;;
D1;;;Let op!: Verhoogde rijbaanscheiding;;;;;;;;;;
D5;L;;MAANDAG t/m VRJJDAG van 06:30tot 09:30;;;;;;;;;;
D2;R;;I.V.M. STANK OPRUMEN GEWENST;;;;;;;;;;
D5;L;;"uitgezonderd bestemmingsverkeer;";;;;;;;;;;
D2;R;;magneetsleutel-houders worden verzocht gebruik te maken van de parkeerplaats aan de Viierstraat;;;;;;;;;;
D6;;;uitgezonderd keren vrachtverkeer;;;;;;;;;;
D5;L;;fietsers;;;;;;;;;;
D5;L;;m.u.v.(brom)fietsers;;;;;;;;;;
D2;L;;uitgezonderd lijnbussen en ontheffinghouders;;;;;;;;;;
D4;;;2x;;;;;;;;;;
D5;R;;TAXI;;;;;;;;;;
D7;;;uitgezonderd bestemmingsverkeer;;;;;;;;;;
D5;R;;";uitgezonderd bussen ontheffing- houders";;;;;;;;;;
D5;L;;geldt niet voor (brom)fietsers;;;;;;;;;;
D4;;;geldig ma t/m vr van 08.00 tot 08.30;;;;;;;;;;
D6;L;;";uitgezonderd fietsers en invalidenvoertuigen";;;;;;;;;;
D5;R;;uitgezonderd ontheffingshouders en taxi's bij op afspraak brengen/halen op adres;;;;;;;;;;
D4;;;Let op! Rijrichting uitrit vrijhouden;;;;;;;;;;
D5;Unknown;;"uitgezonderd;uitgezonderd";;;;;;;;;;
D5;R;;";Na 25 m";;;;;;;;;;
D2;R;;1;;;;;;;;;;
D4;;;uitgezonderd expeditie;;;;;;;;;;
D4;;;Uitgezonderd bouwverkeer;;;;;;;;;;
D6;R;;";ma t/m vr 7.00 - 9.00 h";;;;;;;;;;
D6;;;;;;;;;;;;;
D4;;;UITGEZONDERD BESTEMMINGSVERKEER;;;;;;;;;;
D6;R;;Camerabewaking dit terrein wordt voor uw en zo veiligheid bewaakt met camera's;;;;;;;;;;
D4;;;parkeerschijf verplicht tussen 8.00 en 18.00 u;;;;;;;;;;
D4;;;"uitgezonderd;uitgezonderd";;;;;;;;;;
D5;R;;m.u.v. landbouwverkeer en bromfietsers;;;;;;;;;;
D6;L;;"ma. t/m vr. 07.00-10.00 h 15.00-18.00 h;uitgezonderd";;;;;;;;;;
D4;;;Obstakel in doorsteek naar parallelweg;;;;;;;;;;
D4;;;600 m;;;;;;;;;;
D5;L;;"uitgezonderd lijnbussen;uitgezonderd";;;;;;;;;;
D5;R;;voertuigen langer dan 6 m;;;;;;;;;;
D6;R;;"uitgezonderd bestemmingsverkeer;";;;;;;;;;;
D4;;;Geldt alleen voor vrachtverkeer;;;;;;;;;;
D5;R;;(brom-)fietsers oversteken;;;;;;;;;;
D5;R;;"ma t/m vr 06 -09 h 15 - 19 h;uitgezonderd";;;;;;;;;;
D5;R;;Oversteekplaats voetgangers en mindervaliden;;;;;;;;;;
D5;R;;"uitgezonderd;verkeerssituatie gewijzigd";;;;;;;;;;
D5;R;;doorgaand vrachtverkeer;;;;;;;;;;
D4;;;";langer dan 18 m";;;;;;;;;;
D4;;;"uitgezonderd vergunninghouders laden/lossen toegestaan van 06.00 tot 11.00h;uitgezonderd";;;;;;;;;;
D5;R;;";i.v.m. draaicirkel keer om bij de volgende rotonde";;;;;;;;;;
D4;;;";langer dan 11 m na 1500 m";;;;;;;;;;
D5;L;;Snorfietsen op Stadhouderskade op fietspad;;;;;;;;;;
D2;R;;Dit object wordt bewaakt met camera 's;;;;;;;;;;
D7;;;"uitgezonderd;uitgezonderd lijnbussen";;;;;;;;;;
D4;;;"ma/di en do/vr 8-9 h 14-15h wo -9 h 12-13 h;uitgezonderd;wo 8-9 h 12-13 h";;;;;;;;;;
D2;L;;uitgezonderd lijnbussen en ontheffing-houders;;;;;;;;;;
D4;;;busbaan;;;;;;;;;;
D7;;;Uitgezonderd ontheffing houders;;;;;;;;;;
D5;L;;Slagboom sluit na ieder voertuig;;;;;;;;;;
D4;;;"uitgezonderd;Speeltuin Stadsveld";;;;;;;;;;
D5;R;;Brommobielen en bespannen wagens;;;;;;;;;;
D4;;;dus niet afslaan naar parallelweg;;;;;;;;;;
D4;;;voertuigen langer dan 12 meter;;;;;;;;;;
D4;;;uitgezonderd verkeer lager dan 3.0 meter;;;;;;;;;;
D2;R;;LET OP!Slagboom sluit na elke auto Bij storing melden bij entree Parkeren op eigen risico;;;;;;;;;;
D1;;;verhoogde rijbaanscheidinggygy;;;;;;;;;;
D6;R;;"uitgezonderd lijnbussen;uitgezonderd";;;;;;;;;;
D1;;;onleesbaar;;;;;;;;;;
D6;R;;geldt uitsluitend voor auto's;;;;;;;;;;
D4;;;uitgezonderd (brom)-fietsers en bestemmingsverkeer woongebied kern Ulestraten;;;;;;;;;;
D2;R;;uitgezonderd;;;;;;;;;;
D6;L;;"uitgezonderd lijnbussen;uitgezonderd ontheffinghouders";;;;;;;;;;
D4;;;vrachtauto's links opstellen;;;;;;;;;;
D5;R;;uitgezonderd fietsers plus landbouwverkeer;;;;;;;;;;
D4;;;uitgezonderd bestemminga-verkeer opslagterrein;;;;;;;;;;
D5;R;;Verplichte rijrichting bouwverkeer;;;;;;;;;;
D4;;;Camera-toezicht 24/7;;;;;;;;;;
D6;L;;"uitgezonderd;uitgezonderd";;;;;;;;;;
D6;R;;uitgezonderd brandstoftransport;;;;;;;;;;
D5;R;;";VRACHT AUTO";;;;;;;;;;
D4;;;P-carpool via rotonde;;;;;;;;;;
D5;L;;";langer dan 11 m na 1000 m";;;;;;;;;;
onbekend;;;ma-wo 09;00-22;00 h do-za 09;00-24;00 h zo 12;00-17;00 h;;;;
D5;L;;bezoekers parkeren bij kantoor;;;;;;;;;;
D4;;;ALLEEN    picto OB11;;;;;;;;;;
D4;;;"UITEGZONDERD (BROM)FIETSERS;LET OP!";;;;;;;;;;
D5;L;;uitgezonderd lijnbussen;" fietsers en bezoekers Rabobank;en leveranciers Laborijn";;;;;;;;;
D4;;;uitgezonderd bus en fieters;;;;;;;;;;
D4;;;"inrit;uitrit";;;;;;;;;;
D4;;;geldt alleen voor vrachtverkeer;;;;;;;;;;
D5;R;;Let op verkeerssituatie gewijzigd;;;;;;;;;;
D2;R;;uitsluitend bestemmingsverkeer;;;;;;;;;;
D2;R;;Ingang laden/lossen;;;;;;;;;;
D5;R;;na 90 m;;;;;;;;;;
D1;;;LET OP! verhoogde middenbaanscheiding;;;;;;;;;;
D5;R;;UITRIT;;;;;;;;;;
D2;R;;Gasten GRATIS uitrijkaart 1ste 30 min GRATÃÂ°S in en uitrijden;;;;;;;;;;
D2;R;;GOUDA NOORD GOUDA OOST;;;;;;;;;;
G7(Zone);;;Toegestaan toegestaan ma. t/ m vr. 07;00-12;00 uur 18;00-23;00 uur koopavonden 21;00-23;"00 uur;";;;;
D2;R;;uitgezonderd lijnbussen;;;;;;;;;;
D2;R;;uitgezondrd lijdiensten;;;;;;;;;;
D5;L;;vrachtauto's;;;;;;;;;;
E10(Zone);;;ma. t/m vr 9;00-18;00 uur za. 9;00-17;00 uur koopavond 9;00-20;00 uur;;;;
D4;;;"uitgezonderd bestemmingsverkeer;";;;;;;;;;;
D2;L;;onleesbaar;;;;;;;;;;
D4;;;alleen voor voertuigen langer dan 11 m;;;;;;;;;;
D6;R;;Situatie gewijzigd;;;;;;;;;;
D4;;;";langer dan 8 m";;;;;;;;;;
D4;;;fietsers;;;;;;;;;;
D5;R;;"uitgezonderd bestemmingsverkeer;uitgezonderd";;;;;;;;;;
D4;;;uitgezonderd ma t/m vr 6-19 h;;;;;;;;;;
D5;L;;UITGEZONDERD (BROM)FIETSERS;;;;;;;;;;
D4;;;";rechtsaf verboden";;;;;;;;;;
D6;R;;150 m;;;;;;;;;;
D7;;;"uitgezonderd;ontheffingshouders uitgezonderd";;;;;;;;;;
D6;R;;met uitzondering van afvalinzamelvoertuigen en hulpdiensten;;;;;;;;;;
D4;;;Meden Intercom;;;;;;;;;;
D1;;;150 m;;;;;;;;;;
D4;;;"uitgezonderd lijnbussen;MA T/M VRIJ 14.00-18.30u";;;;;;;;;;
D4;;;"uitgezonderd;uitgezonderd bouwverkeer";;;;;;;;;;
D4;;;uitgrzonderd bewoners;;;;;;;;;;
D4;;;m.u.v. bestemmingsverkeer prorall;;;;;;;;;;
D5;L;;uitgezonderd aanwonenden en bedienend verkeer;;;;;;;;;;
D5;R;;parkeren receptie;;;;;;;;;;
D5;L;;"uitgezonderd;uitgezonderd lijnbussen";;;;;;;;;;
D4;;;uitgezonderd bouwverkeer Verzetsheldenbuurt;;;;;;;;;;
D4;;;7.00-9.00 uur;;;;;;;;;;
D4;;;"100 m;uitgezonderd";;;;;;;;;;
D5;L;;alleen voor vrachtauto's;;;;;;;;;;
D6;R;;";verkeerssituatie gewijzigd";;;;;;;;;;
D4;;;onleesbaar;;;;;;;;;;
D5;L;;Uitgezonderd lijnbussen en ontheffing- houders;;;;;;;;;;
D4;;;uitgezonderd ontheffingshouders;;;;;;;;;;
D2;R;;24 uur bereikbaar;;;;;;;;;;
D5;R;;"uitgezonderd;uitgezonderd ontheffingshouders en taxi's bij opafspraak brengen/halen op adres";;;;;;;;;;
E2;;;8;00 u -09;30 u 12;00 u-13;30 u 15;00 u-16;00 u;;;;
D5;L;;"en gebruikers Westerpoort;uitgezonderd bevoorradingsverkeer -Meulvliet -Tennis -Brede School";;;;;;;;;;
D2;R;;na 600 m;;;;;;;;;;
D2;R;;CAMPING STOKER;;;;;;;;;;
D2;R;;Bij roodlicht oprijden tot slagboom en pas aanbieden;;;;;;;;;;
D4;;;langer dan 5m.;;;;;;;;;;
D2;R;;Taxi ontheffing niet van toepassing;;;;;;;;;;
D7;;;"uitgezonderd fietsers en invalidenvoertuigen;";;;;;;;;;;
D5;R;;Let op ! verplichte rijrichting;;;;;;;;;;
D6;L;;12 m.;;;;;;;;;;
D4;;;UITGEZONDERD LIJNDIENSTEN;;;;;;;;;;
D5;R;;";50 m";;;;;;;;;;
D4;;;"uitgezonderd politie;Uitrit brandweer";;;;;;;;;;
D6;L;;"uitgezonderd bestemmingsverkeer;";;;;;;;;;;
D2;R;;Uitgezonderd lijnbussen en ontheffing-houders;;;;;;;;;;
D6;R;;uitgezonderd taxi en hulpdiensten;;;;;;;;;;
D4;;;10 m;;;;;;;;;;
D6;R;;UGS C;;;;;;;;;;
D5;L;;dinsdag 06.00-14.00 h;;;;;;;;;;
D2;L;;uitgezonderd lijnbussen en ontheffing- houders;;;;;;;;;;
D5;R;;"uitgezonderd;uitgezonderd brommobielen";;;;;;;;;;
D5;L;;m.u.v. (brom)fietsers;;;;;;;;;;
D5;R;;UITGEZONDERD (BROM) FIETSERS;;;;;;;;;;
D1;;;Let op!verhoogde baanscheiding;;;;;;;;;;
D5;L;;uitgezonderd aantoonbare bestemming;;;;;;;;;;
D1;;;m.u.v. dienstauto's;;;;;;;;;;
D2;R;;oprijden tot STOPSTREEP;;;;;;;;;;
E7;;;ma t/m za 7;00-9;00h 12;00-4;00h 16;00-18;00h;;;;
D4;;;";uitgezonderd Rosewood";;;;;;;;;;
D4;;;uitgezonderd kleitransport en landbouwverkeer;;;;;;;;;;
D5;R;;"uitgezonderd;uitgezonderd bestemmingsverkeer";;;;;;;;;;
D4;;;"ma t/m vr  06-09 h  15-19 h;uitgezonderd";;;;;;;;;;
D4;;;uitgezonderd hulpdiensten;;;;;;;;;;
D5;L;;"uit;Parkeren in de vakken";;;;;;;;;;
D6;L;;Uitgezonderd (snor)fietsers 0-24 H en laden / lossen ma t/m za 9-12 H;;;;;;;;;;
D4;;;in-/uitrit werkverkeer;;;;;;;;;;
D5;L;;"uitgezonderd;";;;;;;;;;;
D5;L;;wegenverkeers- regelement van toepassing;;;;;;;;;;
D5;L;;uitgezonderd ma za 7.00-11.30;;;;;;;;;;
D1;;;Rotonda De DerperschÃ¢ns;;;;;;;;;;
D5;L;;VOOR ALLE N.A.M. TRANSPORTEN;;;;;;;;;;
D4;;;150 m;;;;;;;;;;
D5;R;;ri. Arnhem andere uitgang;;;;;;;;;;
D6;L;;"uitgezonderd lijnbussen;uitgezonderd";;;;;;;;;;
D5;R;;wegsleepregeling van kracht;;;;;;;;;;
D6;L;;geldt uitsluitend voor auto's;;;;;;;;;;
D5;R;;uitgezonderd verkeer naar P3;;;;;;;;;;
D2;R;;N476;;;;;;;;;;
D4;;;uitsluitend voor vrachtauto's;;;;;;;;;;
D5;R;;uitgezonderd taxi's;;;;;;;;;;
D4;;;"ma t/m vr 07.00-09.00 h uitgezonderd;uitgezonderd";;;;;;;;;;
D5;L;;M.u.v. lijndiensten en voertuigen met ontheffing;;;;;;;;;;
D5;R;;m.u.v. openbaar vervoer en ontheffing. houders;;;;;;;;;;
D1;;;Lisdodde;;;;;;;;;;
D6;L;;ma. t/m vr. 08.00 - 16.00h;;;;;;;;;;
D1;;;NIET GRAVEN BEL onleesbaar;;;;;;;;;;
D4;;;uitgezonderd politievoertuigen;;;;;;;;;;
D6;L;;uitgezonderd brandstoftransport;;;;;;;;;;
D6;R;;"uitgezonderd;dond. ochtend warenmarkt";;;;;;;;;;
D4;;;OB11;;;;;;;;;;
D5;L;;";bromfiets+snorfiets";;;;;;;;;;
D5;R;;uitsluitend voor vrachtwagens;;;;;;;;;;
D4;;;"ma t/m vr 6-9h en 16-19h;uitgezonderd aanwonenden en exploitie aanliggende percelen";;;;;;;;;;
D5;R;;langer dan 6 mtr.;;;;;;;;;;
D4;;;vrachtauto's;;;;;;;;;;
D4;;;UITGEZONDERD BROM FIETSERS;;;;;;;;;;
D4;;;situatie gewijzigd;;;;;;;;;;
D6;L;;op schooldagen tussen 8.00-8.30 u en 14.00-14.00 u m.u.v. fietsers;;;;;;;;;;
D5;L;;";;";;;;;;;;;;
D5;L;;"ma t/m vr 8.20 - 8.50 h 14.30 - 15.00 h;uitgezonderd;Woe 8.20-8.50 h 12.15-12.45 h";;;;;;;;;;
D4;;;UITGEZONDERD (BROM)FIETSERS;;;;;;;;;;
D5;R;;"uitgezonderd;uitgezonderd lijnbussen taxi s en";;;;;;;;;;
D5;R;;uitgezonderd zwembad;;;;;;;;;;
D5;L;;"uitgezonderd;Uitgezonderd laden en lossen 07.00-12.00 h";;;;;;;;;;
L8;;;nrs 1;2;4;6;8; 8A; 8B;" 3 zijn bereikbaar;uitgezonderd";;;
D4;;;m.u.v. laden en lossen;;;;;;;;;;
D5;R;;Uitgezonderd hulpdiersten;;;;;;;;;;
D5;L;;uitgezonderd bestemmingsverkeer;;;;;;;;;;
D5;R;;"uitgezonderd;uitgezonderd;uitgezonderd taxi's;uitgezonderd";;;;;;;;;;
D7;;;;;;;;;;;;;
D5;L;;uitgezonderd lijnbussen en (brom-)fietsen;;;;;;;;;;
D6;R;;BEHALVE BUSSEN VAN LIJNDIENSTEN;;;;;;;;;;
D1;;;600m;;;;;;;;;;
D4;;;Langer dan 10 meter;;;;;;;;;;
D4;;;"uitgezonderd lijnbussen;MA T/M VRIJ 14.00 - onleesbaar";;;;;;;;;;
D5;R;;"uitgezonderd lijnbussen;verkeerssituatie gewijzigd";;;;;;;;;;
D4;;;uitgezonderd aanwonenden;;;;;;;;;;
D4;;;"uitgezonderd;uitgezonderd Politievoertuigen";;;;;;;;;;
D2;R;;verhoogde rijbaanscheiding;;;;;;;;;;
D4;;;";Hoeve Krekelberg bereikbaar";;;;;;;;;;
D5;L;;"ma t/m vr 06-09 h 15-19 h;uitgezonderd";;;;;;;;;;
D4;;;Parkeren in de vakken;;;;;;;;;;
D6;L;;150 m;;;;;;;;;;
D6;R;;uitgezonderd aanwonenden en exploitatie aanliggende percelen;;;;;;;;;;
D6;;;uitgezonderd lijnbussen;;;;;;;;;;
D4;;;"ma t/m vr 7.00-9.00 h;uitgezonderd;bestemmingsverkeer hannekemaaierweg Benedenrijweg nr.435 en autobussen -lijndiensten";;;;;;;;;;
D4;;;Bij groen 1 auto;;;;;;;;;;
D4;;;uitgezonderd brandweer;;;;;;;;;;
D2;R;;Pen caravans;;;;;;;;;;
D4;;;uitgezonderd v.Kalteren;;;;;;;;;;
D5;L;;";VERKEERSSITUATIE GEWIJZIGD";;;;;;;;;;
D1;;;Let op ! Verhoogde rijbaanscheiding;;;;;;;;;;
D4;;;geldt niet voor (brom)fietsers;;;;;;;;;;
D4;;;UITGEZONDERD AMBULANCE EN BEVOORRADEND VERKEER;;;;;;;;;;
D5;R;;ZWAARDER DAN 30 TON;;;;;;;;;;
D6;R;;alleen voor voertuigen langer dan 5m;;;;;;;;;;
D4;;;VERBODEN OP HET GRAS TERUDEN OF TE PARKEREN;;;;;;;;;;
D6;R;;uitgezonderd bestemmingsverkeer;;;;;;;;;;
D4;;;wacht op het groene licht;;;;;;;;;;
D4;;;"uitgezonderd;snorfietsen niet toegestaan";;;;;;;;;;
D4;;;"uitgezonderd lijnbussen;uitgezonderd";;;;;;;;;;
D6;R;;"ma t/m vr 06-09 h 15-19 h;uitgezonderd";;;;;;;;;;
D2;R;;Slagboom openen. Druk knop!;;;;;;;;;;
D1;;;B;;;;;;;;;;
D1;;;"Halen en brengen TOEGESTAAN;svp MOTOR UITZETTEN";;;;;;;;;;
D5;R;;na 60 m;;;;;;;;;;
D6;L;;voor voertuigen hoger dan 3;9m;;;;;;;;;
D5;R;;Let op verkeerssituatie gewijzigd.;;;;;;;;;;
D7;;;uitgezonderd;;;;;;;;;;
D4;;;m.u.v. Hulpdienst;;;;;;;;;;
D5;R;;Cameratoezicht onleesbaar;;;;;;;;;;
D6;R;;uitgezonderd uitrukverkeer hulpdiensten;;;;;;;;;;
D6;L;;alleen voor vrachtauto's;;;;;;;;;;
D4;;;"uitgezonderd;";;;;;;;;;;
D6;R;;08.00-15.30 h.;;;;;;;;;;
D5;L;;uit;;;;;;;;;;
D5;R;;Doorgaand vrachtverkeer;;;;;;;;;;
D5;R;;oversteken (brom)fiets toegestaan;;;;;;;;;;
D6;R;;vrachtwagens;;;;;;;;;;
D2;R;;fietsoversteek vrijhouden;;;;;;;;;;
D6;L;;uitgezonderd -en bestemmings- verkeer;;;;;;;;;;
D5;R;;m.u.v. lijnbussen en taxi's met ontheffing;;;;;;;;;;
D6;R;;ma. t/m vr. 08.00 - 16.00 h;;;;;;;;;;
D5;R;;uitgezonderd lijnbussen laden & lossen en aanwonenden;;;;;;;;;;
D5;R;;behalve (brom) fietsen;;;;;;;;;;
D4;;;landbouw- voertuigen en brommobielen;;;;;;;;;;
D5;L;;ma t/m vr. en koopzondagen van 11.00 tot 18.00 uur;;;;;;;;;;
D5;R;;"uitgezonderd;Uitgezonderd ontheffing - houders";;;;;;;;;;
D7;;;";";;;;;;;;;;
D2;R;;wegsleepregeling van kracht;;;;;;;;;;
D4;;;ma-tm-vr 7.00-9.00h;;;;;;;;;;
D6;R;;"uitgezonderd;brug open motor af";;;;;;;;;;
D4;;;120 m;;;;;;;;;;
D4;;;"voertuigen langer dan 6 meter;na 50 meter";;;;;;;;;;
D2;R;;I.V.M STANK OPRUMIEN GEWENST;;;;;;;;;;
D5;L;;"uitgezonderd;uitgezonderd hulpdiensten";;;;;;;;;;
D4;;;2997;;;;;;;;;;
D5;R;;"na 450m;uitgezonderd";;;;;;;;;;
D5;R;;"uitgezonderd;uitgezonderd bestemmingsverkeer Prinsenstichting";;;;;;;;;;
D7;;;"uitgezonderd;uitgezonderd bevoorrading schouwburg";;;;;;;;;;
D5;L;;uitgezonderd lijnbussen leveranciers en (brom) fietsers;;;;;;;;;;
D2;;;uitgezonderd lijnbussen en ontheffing-houders;;;;;;;;;;
D5;L;;";uitgezonderd lijnbus - taxi (brom)fietsers";;;;;;;;;;
D6;L;;Snorfietsen op Stadhouderskade op fietspad;;;;;;;;;;
D4;;;uitgezonderd bestemmingsverkeer;;;;;;;;;;
D5;R;;"uitsluitend parkeren in de parkeervakken;LET OP VRIJDAG MARKTDAG NIET PARKEREN";;;;;;;;;;
D5;R;;na 150m;;;;;;;;;;
D6;L;;UITGEZONDERD BUSSEN;;;;;;;;;;
D5;R;;uitgezonderd bouwverkeer;;;;;;;;;;
D4;;;langer dan 5 m.;;;;;;;;;;
D5;R;;Alleen vrachtauto's en bussen;;;;;;;;;;
D6;L;;"uitgezonderd;";;;;;;;;;;
D4;;;"ma t/m vr 06-09 h 15-19 h;uitgezonderd";;;;;;;;;;
D6;L;;Let op voetgangers voorrang;;;;;;;;;;
D6;L;;spoor-vorming;;;;;;;;;;
D5;R;;"ma t/m vr 06 - 09 h 15 - 19 h;uitgezonderd";;;;;;;;;;
D5;R;;"uitrit werkverkeer;OMLEIDING VOET-FIETSPAD IN TWEE RICHTINGEN";;;;;;;;;;
D6;R;;"uitgezonderd;LET OP ! Verkeer van rechts heeft hier voorrang !";;;;;;;;;;
D4;;;";;uitgezonderd bestemmingsverkeer";;;;;;;;;;
D4;;;"uitgezonderd;uitgezonderd vergunninghouders laden/lossen toegestaan van 06.00 tot 11.00 h";;;;;;;;;;
D5;R;;"(fig.) laden en lossen;(fig.) gehandicapten";;;;;;;;;;
D1;;;";Zaankanaries";;;;;;;;;;
D2;L;;Vijfhhuizerdijk 212;;;;;;;;;;
D3;;;verboden afval achter te laten kosten Ã¢âÂ¬ 150;00 CAMERATOEZICHT;;;;;;;;;
D5;L;;";uitgezonderd";;;;;;;;;;
D5;L;;fietsers toegestaan;;;;;;;;;;
D5;L;;Vrachtverkeer  verplicht  linksaf;;;;;;;;;;
D2;R;;inrit;;;;;;;;;;
D5;L;;100 m;;;;;;;;;;
D6;L;;uitgezonderd uitruk verkeer hulpdiensten;;;;;;;;;;
D4;;;uitgezonderd Hulpdiensten;;;;;;;;;;
D7;;;"bestemmingsverkeer hannekemaaierweg Benedenrijweg nr.435 en autobussen -lijndiensten;uitgezonderd;ma t/m vr 7.00-9.00 h";;;;;;;;;;
D5;R;;doorgaand landbouwverkeer;;;;;;;;;;
D4;;;Uitgezonderd hulpdiensten;;;;;;;;;;
D7;;;";brommobielen";;;;;;;;;;
D6;L;;uitgezonderd aanwonenden en exploitatie aanliggende percelen;;;;;;;;;;
D5;R;;geldt van ma t/m vr 7-16h;;;;;;;;;;
D5;R;;"uitgezonderd;bestemmings- verkeer";;;;;;;;;;
D4;;;Geldt alleen voor vrachtwagens;;;;;;;;;;
D4;;;"uitgezonderd;uitgezonderd lijnbussen";;;;;;;;;;
D2;R;;BEZOEKERS VAN HAMERSVELD.;;;;;;;;;;
D4;;;2X;;;;;;;;;;
D5;R;;";Bromfiets+snorfiets";;;;;;;;;;
D5;L;;Let op fietsers;;;;;;;;;;
D4;;;"uitgezonderd;toegestaan van 10-15h;;rechtsaf toegestaan";;;;;;;;;;
D4;;;ALLEEN TOEGANG VOOR LEDEN PASRUITERS;;;;;;;;;;
D6;L;;"uitgezonderd bestemmingsverkeer;uitgezonderd;uitgezonderd";;;;;;;;;;
D4;;;Uitgezonderd Gealarmeerd Brandweer- Personeel;;;;;;;;;;
D6;L;;"VERBODEN VOOR VRACHTWAGENS LANGER DAN 8 METER;wegsleepregeling van kracht";;;;;;;;;;
D6;L;;met uitzondering van afvalinzamelvoertuigen en hulpdiensten;;;;;;;;;;
D4;;;landbouw-verkeer toegestaan;;;;;;;;;;
D4;;;"uitgezonderd bestemmingsverkeer;;";;;;;;;;;;
D5;L;;uitgezonderd (brom)fietsers;;;;;;;;;;
D1;;;Parkeren alleen In de vakken;;;;;;;;;;
D5;R;;uitgezonderd lijnbussen en ontheffinghouders;;;;;;;;;;
D6;R;;na 150m. ma. - vr. 16.00-18.00h;;;;;;;;;;
D2;R;;uitgezonderd lijnbussen ontheffing-houders;;;;;;;;;;
D6;L;;UITGEZONDERD FIETSEN EN BROMFIETSEN;;;;;;;;;;
D5;R;;"uitgezonderd lijnbussen;7.00 - 12.00 h;07.00-12.00h";;;;;;;;;;
D6;L;;uitgezonderd bestemmingsverkeer;;;;;;;;;;
D6;R;;";uitgezonderd";;;;;;;;;;
D5;L;;"uitgezonderd;P automaat";;;;;;;;;;
D5;L;;uitrit werkverkeer;;;;;;;;;;
D6;R;;"uitgezonderd;uitgezonderd ontheffngshouders";;;;;;;;;;
D1;;;";uitgezonderd";;;;;;;;;;
D1;;;Let op: fietsers voorrang !;;;;;;;;;;
D6;R;;100 m;;;;;;;;;;
D4;;;Alleen voor vrachtverkeer;;;;;;;;;;
D6;L;;"ma t/m vr 06-09 h 15-19 h;uitgezonderd";;;;;;;;;;
D5;R;;"uitgezonderd;uitgezonderd;uitgezonderd";;;;;;;;;;
D5;L;;"uitgezonderd;uitgezonderd bewoners-bezoekers";;;;;;;;;;
D6;R;;uitgezonderd (brom)fietsers;;;;;;;;;;
D6;R;;"uitgezonderd;;lijndienst uitgezonderd";;;;;;;;;;
D1;;;let op ! verhoogde scheidingsband;;;;;;;;;;
D1;;;Let op! verhoogde baannscheiding;;;;;;;;;;
D2;R;;spelende kinderen;;;;;;;;;;
D2;L;;"wegsleepregeling van kracht;onleesbaar";;;;;;;;;;
D4;;;entry;;;;;;;;;;
D5;L;;SECTOR 302 24.h per dag;;;;;;;;;;
D4;;;Parkeren aileen in de vakken;;;;;;;;;;
D4;;;Linksaf toegestaan;;;;;;;;;;
D4;;;geldt voor vrachtwagens;;;;;;;;;;
D4;;;"uitgezonderd;Let op! Situatie gewijzigd";;;;;;;;;;
D6;R;;bij file spoorbaan vrij laten;;;;;;;;;;
D5;R;;ma t/m vr. 16.00h t / m 18.00h;;;;;;;;;;
D2;R;;m.u.v ambulance;;;;;;;;;;
D5;L;;VERKEERSSITUATIE GEWIJZIGD;;;;;;;;;;
D1;;;bestuurders op rotonde richting aangeven;;;;;;;;;;
D2;R;;slagboom sluit na elk voertuig;;;;;;;;;;
D4;;;"uitgezonderd;ma t/m vr 06-09 h 15-19 h";;;;;;;;;;
D4;;;"uitgezonderd;Uitgezonderd lijnbussen en ontheffinghouders N218";;;;;;;;;;
D4;;;UITGEZONDERD (BROM-) FIETSERS;;;;;;;;;;
D5;R;;30t;;;;;;;;;;
D4;;;uitgezonderd ontheffing-houders;;;;;;;;;;
D4;L;;OB54;;;;;;;;;;
D5;R;;"HOTELGASTEN IN - EN UITCHECKEN;Eigen terrein Parkeren op eigen risico;uitgezonderd";;;;;;;;;;
D5;L;;";Autosnelweg A1";;;;;;;;;;
D4;;;uitgezonderd bussen en taxi's;;;;;;;;;;
D6;R;;";uitgezonderd bestemmingsverkeer";;;;;;;;;;
D5;L;;;;;;;;;;;;
D1;;;LET OP ! verhoogde baanscheiding;;;;;;;;;;
D1;;;Strand rechtdoor;;;;;;;;;;
D5;L;;";brommobielen";;;;;;;;;;
D4;;;2 X;;;;;;;;;;
D5;L;;Parkeren op eigen risico Wegenverkeersregelement van toepassing Directie is niet aansprakelijk voor enige schade of letsel;;;;;;;;;;
D4;;;laden en lossen 06.00 - 11.30 h t.h.v. stadshuis bereikbaar;;;;;;;;;;
D7;;;uitgezonderd lijnbussen;;;;;;;;;;
D4;;;";;;uitgezonderd bevoorrading";;;;;;;;;;
D4;;;Langer dan 10 m;;;;;;;;;;
D5;R;;"uitgezonderd;UITGEZONDERD TAXI";;;;;;;;;;
D5;R;;"35 104;Maximale parkeerduur 1 uur";;;;;;;;;;
D7;;;"uitgezonderd bestemmingsverkeer;uitgezonderd";;;;;;;;;;
D6;R;;Alleen voor voertuigen langer dan 5 m;;;;;;;;;;
D5;L;;Laad - en losverkeer;;;;;;;;;;
D5;R;;"uitgezonderd;uitgezonderd bestemmingsverkeer en taxi's Westsingel/ Varkensmarkt";;;;;;;;;;
D5;R;;uitgezonderd fietsers;;;;;;;;;;
D6;R;;";Navigatie uitschakelen";;;;;;;;;;
D5;L;;";Verboden voor campers tussen 18-9 h (Art. 4:18 APV SÃºdwest-FryslÃ¢n )";;;;;;;;;;
D4;;;Parkeren alleen voor Bezoeker MCM Parkeren op eigen risico!;;;;;;;;;;
D4;;;";uitgezonderd";;;;;;;;;;
D4;;;07:00 uur t/m 09:00 uur;;;;;;;;;;
D1;;;200m;;;;;;;;;;
D6;R;;uitgezonderd nachtbussen GVB;;;;;;;;;;
D4;;;Langer dan 8 m;;;;;;;;;;
D4;;;longer den 10 m;;;;;;;;;;
D5;R;;uitgezonderd ambulance;;;;;;;;;;
D4;;;cameratoezicht;;;;;;;;;;
D2;R;;let op ! sluit automatisch achter ieder voertuig;;;;;;;;;;
D6;R;;uitgezonderd fietsers en invalidenvoertuigen;;;;;;;;;;
D4;;;";;uitgezonderd bevoorrading;";;;;;;;;;;
D4;;;voertuigen langer dan 12 m;;;;;;;;;;
D6;R;;;;;;;;;;;;
D5;R;;uitgezonderd expeditieverkeer en fietsers 7.00-12.00 h;;;;;;;;;;
D2;R;;SLAGBOOM SLUIT NA ELKE AUTO;;;;;;;;;;
D5;R;;m.u.v. tankauto's;;;;;;;;;;
D1;;;;;;;;;;;;;
D5;R;;ALLEEN VOOR VRACHTWAGENS;;;;;;;;;;
D4;;;uitgezonderd brandweer & calamiteiten;;;;;;;;;;
D4;;;uitgezonderd woensdagen van 11.00-18.00 h;;;;;;;;;;
D6;L;;";uitgezonderd;ma t/m vr 07 - 09h";;;;;;;;;;
D4;;;"uitgezonderd;Uw fiets hoort in de stalling parkweg en wordt hier naar toe verplaatst";;;;;;;;;;
D6;R;;uitgezonderd bewoners Elisabethhof;;;;;;;;;;
D1;;;LET OP! verhoogde rijbaanscheiding;;;;;;;;;;
D4;;;uitgezonderd HVC;;;;;;;;;;
D5;R;;";uitgezonderd ontheffing - houders";;;;;;;;;;
D5;L;;uitgezonderd;;;;;;;;;;
D5;L;;OB54;;;;;;;;;;
D2;R;;";LET OP! Hier parkeren is wielklem riskeren!;wielklemregeling van kracht â¬ 159";-;;;;;;;;;
D6;R;;300 m;;;;;;;;;;
D5;R;;"uitgezonderd;uitgezonderd";;;;;;;;;;
D2;R;;uitgezonderd lijnbussen en ontheffinghouders;;;;;;;;;;
D4;;;pas op! overstekende fietsers;;;;;;;;;;
D4;;;uitgezonderd lijnbussen en taxi's;;;;;;;;;;
D5;L;;OPSTELPLAATS VRACHTWAGENS;;;;;;;;;;
D4;;;ALLEEN VOOR VOERTUIGEN LANGER DAN 5 m;;;;;;;;;;
D4;;;doorrijden tot rotonde;;;;;;;;;;
D5;L;;ma t/m vr 7.30-9.00 16.30-18.00;;;;;;;;;;
D6;L;;";uitgezonderd";;;;;;;;;;
D6;R;;"Na 30 meter;bij file spo aan vrijlaten;Uitgezonderd fietsers";;;;;;;;;;
D5;R;;";Camera toezicht Gemeente Breda";;;;;;;;;;
D2;R;;UITGEZONDERD (BROM-)FIETSERS;;;;;;;;;;
D4;;;Uitgezonderd fietsers;;;;;;;;;;
D4;;;Langer dan 11 m1;;;;;;;;;;
D3;;;;;;;;;;;;;
D5;R;;langer dan 8m;;;;;;;;;;
D5;R;;Dinsdag 06.00-14.00 h;;;;;;;;;;
D6;L;;alleen vrachtautos's;;;;;;;;;;
D4;;;FIETSERS TOEGESTAAN;;;;;;;;;;
D7;;;UITGEZONDERD (BROM)FIETSEN;;;;;;;;;;
D5;R;;let op! fietsers;;;;;;;;;;
D5;R;;UITGEZONDERD (BROM-)FIETSERS;;;;;;;;;;
D6;L;;"2 x;";;;;;;;;;;
D5;L;;";";;;;;;;;;;
D6;L;;"uitgezonderd;let op! weg van rechts";;;;;;;;;;
D6;R;;uitgezonderd;;;;;;;;;;
D5;R;;Snorfietsen op Wibautstraat op fietspad;;;;;;;;;;
D7;;;"uitgezonderd lijnbussen;";;;;;;;;;;
D1;;;100 m;;;;;;;;;;
D5;R;;voertuigen langer dan 12 meter;;;;;;;;;;
D4;;;"uitgezonderd;uitgezonderd brommobielen;uitgezonderd bestemmingsverkeer";;;;;;;;;;
D4;;;Uitgezonderd bevoorrading schouwburg;;;;;;;;;;
D4;;;uItgezonderd verkeer lager dan 2.75 meter;;;;;;;;;;
D5;L;;RECHTDOOR DOODLOPEND;;;;;;;;;;
D5;R;;enkel als voetganger kunt u hier veilig rechtdoor oversteken!;;;;;;;;;;
D4;;;"wegsleepregeling van kracht;(onleesbaar)";;;;;;;;;;
D5;R;;vrachtverkeer;;;;;;;;;;
D5;R;;"uitgezonderd;UITGEZONDERD";;;;;;;;;;
D4;;;fietsers verboden over te steken;;;;;;;;;;
D7;;;"Uitgezonderd hulpvoertuigen;Uitgezonderd P- cafe Groenewoud";;;;;;;;;;
D4;;;UITGEZONDERD (BROM-) FIETSEN;;;;;;;;;;
D5;L;;"200 m;uitgezonderd";;;;;;;;;;
D5;R;;geldt ook voor fietsers!;;;;;;;;;;
D6;L;;"ma t/m vrij 8.00 tot 9.00 h;uitgezonderd";;;;;;;;;;
D6;R;;80 m;;;;;;;;;;
D1;;;fietsers hebben voorrang;;;;;;;;;;
D5;R;;Uitgezonderd vrachtwagens;;;;;;;;;;
D5;L;;"uitgezonderd;ma. t/m do. 9.00-18.00h vr. 9.00-20.00h za. 9.00-18.00h";;;;;;;;;;
D6;R;;";";;;;;;;;;;
D5;R;;"P automaat;P automaat";;;;;;;;;;
D6;R;;uitgezonderd lijnbussen taxi's en;;;;;;;;;;
D5;R;;Uitgezonderd lijndiensten (brom-) fietsers;;;;;;;;;;
D5;R;;geldt alleen voor vrachtverkeer;;;;;;;;;;
D3;;;uitgezonderd;;;;;;;;;;
E2;;;8;00 U -19;30 U 12;00 U -13;30 U 15;00 U -16;00 U;;;;
D4;;;uitgezonderd ontheffing-houders (brom) fietsers;;;;;;;;;;
D7;;;"uitgezonderd;Situatie gewijzigd";;;;;;;;;;
D5;R;;Uitgezonderd bewoners huisnr.28;;;;;;;;;;
D5;R;;"uitgezonderd bestemmingsverkeer;";;;;;;;;;;
D6;R;;voertuigen langer dan 10m;;;;;;;;;;
D6;L;;";Navigatie uitschakelen";;;;;;;;;;
D7;;;"uitgezonderd;uitgezonderd expeditie verkeer Tivoli/Vredenburg";;;;;;;;;;
D5;R;;fietsers;;;;;;;;;;
D2;L;;rijroute brandweer;;;;;;;;;;
E4;;;Max. 1;5 uur;" uitsluitend bezoekers ALDI;Bij parkeren langer dan 1";"5 uur wordt u de toegang tot het parkeerterrein bij een volgend bezoek ontzegd;Bij parkeren langer dan 1";"5 uur wordt u de toegang tot het parkeerterrein bij een volgend bezoek ontzegd;Max. 1";5 uur; uitsluitend bezoekers ALDI;;;;
D4;;;uitgezonderd heffinghouders;;;;;;;;;;
D5;R;;(brom)- fietsers en bestemmingsverkeer uitgezonderd;;;;;;;;;;
D1;;;na 30 m;;;;;;;;;;
D1;;;Let op! Verhoogde rijbaanscheiding;;;;;;;;;;
D4;;;"ma. t/m vr. 7.00-9.30 uur;uitgezonderd landbouwverkeer en aanwonenden";;;;;;;;;;
D5;R;;GELDT UITSLUITEND VOOR AUTO'S;;;;;;;;;;
D4;;;100 m;;;;;;;;;;
D5;L;;"uitgezonderd;uitgezonderd;uitgezonderd;uitgezonderd taxi's";;;;;;;;;;
D6;L;;;;;;;;;;;;
D5;L;;Expeditieverkeer;;;;;;;;;;
D6;R;;voor voertuigen hoger dan 3.9m;;;;;;;;;;
D5;L;;uitgezonderd ma t/ m vr 06- 11 h woensdag 06-09 h zaterdag 06-09 h;;;;;;;;;;
D5;R;;"100 m;uitgezonderd";;;;;;;;;;
D5;L;;"ma/di en do /vr 8-9h 14-15 h wo 8-9h 12-12h;uitgezonderd;wo 8-9h 12-13h";;;;;;;;;;
D5;R;;onleesbaar;;;;;;;;;;
D2;R;;VISITATIE BP Ratfinaderj Rotterdam behoudt zich het recht voor om alle personen bij het betreden of verlaten van het terrein aan visitatie te onderwerpen de Directie;;;;;;;;;;
D6;R;;Uitgezonderd P- cafe Groenewoud;;;;;;;;;;
D6;R;;";brommobielen";;;;;;;;;;
D2;L;;DREMPEL;;;;;;;;;;
D1;;;uitsluitend toegang voor bewoners Brink;;;;;;;;;;
D6;L;;uitgezonderd bewoners Elisabethhof;;;;;;;;;;
D4;;;Uitgezonderd bestemmings-verkeer Jeugdland;;;;;;;;;;
D1;;;LET OP ! verhoogde rijbaanscheiding;;;;;;;;;;
D5;L;;23 00-7 00H na 50m;;;;;;;;;;
D5;;;"uitgezonderd;uitgezonderd lijnbussen";;;;;;;;;;
D5;R;;(Brom)fietsers;;;;;;;;;;
D6;L;;uitgezonderd uitrukverkeer hulpdlensten;;;;;;;;;;
D4;;;";bij groen één voertuig";;;;;;;;;;
D5;L;;"uitgezonderd;uitgezonderd vergunninghouders";;;;;;;;;;
D4;;;";";;;;;;;;;;
D5;R;;10 m;;;;;;;;;;
D4;;;alleen voor parallelweg;;;;;;;;;;
D4;;;3x;;;;;;;;;;
D5;R;;uitgezonderd taxi's en (brom-)fietsers;;;;;;;;;;
D4;;;"linksaf toegestaan van 10-15h;;linksaf toegestaan";;;;;;;;;;
D5;L;;drempels;;;;;;;;;;
D5;R;;"Ring A 10;M.U.V. LIJNDIENSTEN (BROM) FIETSEN";;;;;;;;;;
D5;R;;werkdagen 7.00-9.00h 16.00-18.00h;;;;;;;;;;
D5;L;;alleen voor vrachtverkeer;;;;;;;;;;
D4;;;LANGER DAN 10 m;;;;;;;;;;
D4;;;";uitgezonderd bestemmingsverkeer";;;;;;;;;;
D7;;;"uitgezonderd;uitgezonderd bestemmingsverkeer";;;;;;;;;;
D5;L;;uitsluitend autodaten;;;;;;;;;;
D1;;;Let op! verhoogde scheidingsband;;;;;;;;;;
D6;L;;100 m;;;;;;;;;;
D5;R;;";uitgezonderd;wegsleepregeling van kracht";;;;;;;;;;
D5;R;;uitgezonderd hulpdiensten;;;;;;;;;;
D2;R;;steile drempels;;;;;;;;;;
D2;L;;;;;;;;;;;;
D5;L;;"10 m;";;;;;;;;;;
D2;R;;uitgezonderd lijnbussen en ontheffing- houders;;;;;;;;;;
D6;R;;Uitgezonderd voertuigen korter dan 12 m.;;;;;;;;;;
D5;R;;150 m;;;;;;;;;;
D5;R;;uitgezonderd lijnbussen en (brom-) fietsen;;;;;;;;;;
D5;L;;uitgezonderd lijnbussen;;;;;;;;;;
D4;;;Uitgezonderd (brom-) fietsers en taxi's;;;;;;;;;;
D5;L;;"uitgezonderd bestemmingsverkeer;uitgezonderd";;;;;;;;;;
D1;;;uitgezonderd;;;;;;;;;;
D6;L;;"uitgezonderd;;lijndienst uitgezonderd";;;;;;;;;;
D1;;;Let op! verhoogde rijbaanscheiding;;;;;;;;;;
D6;R;;Alleen voor voestuigen langer dan 11 m 150 m;;;;;;;;;;
D4;;;LANGER DAN 10 M;;;;;;;;;;
D5;Unknown;;;;;;;;;;;;
D5;L;;Uitgezonderd Fietsers en Bromfietsers;;;;;;;;;;
D2;R;;VERBODEN onleesbaar;;;;;;;;;;
D4;;;"uitgezonderd;bij groen een voertuig";;;;;;;;;;
D4;;;AFGIFTE GOEDEREN;;;;;;;;;;
D5;L;;uitgezonderd vrachtauto's;;;;;;;;;;
D5;L;;"ma t/m vr 06-09h 15-19h;uitgezonderd";;;;;;;;;;
D4;;;CAMERABEWAKING;;;;;;;;;;
D4;;;;;;;;;;;;;
D4;;;uitgezonderd brom-/fietsers en bestemmingsverkeer;;;;;;;;;;
D4;;;Startpunt Wandelroute Letterboxen;;;;;;;;;;
D4;;;";brommobielen";;;;;;;;;;
D5;R;;vrachtauto's;;;;;;;;;;
D6;L;;";";;;;;;;;;;
D6;R;;ALLEEN VOOR VOERTUIGEN LANGER DAN 5 M;;;;;;;;;;
D4;;;";;21.00-9.00 h;uitgezonderd";;;;;;;;;;
D6;L;;"uitgezonderd;Uitgezonderd laden en lossen tussen 07.00-11.00 h;Uitgezonderd taxi 's do t/ m zo 01.00-06.0h";;;;;;;;;;
D4;;;Uitgezonderd bestemmingsverkeer Borgerhof;;;;;;;;;;
D6;R;;";uitgezonderd aantoonbaar bestemmingsverkeer en lijnbussen";;;;;;;;;;
D4;;;alleen voor tankstation;;;;;;;;;;
D5;R;;UITGEZONDERD (BROM)FIETSERS;;;;;;;;;;
D5;L;;Uitgezonderd Lijnbussen;Taxi's En (Brom) Fietsen;;;;;;;;;
D6;R;;uitgezonderd lijnbussen;;;;;;;;;;
D6;L;;";uitgezonderd bestemmingsverkeer";;;;;;;;;;
D6;R;;"uitgezonderd bestemmingsverkeer;uitgezonderd";;;;;;;;;;
D5;L;;"uitgezonderd;Let op! Fietsers van links";;;;;;;;;;
D6;L;;Uitgezonderd laden en lossen 07.00 - 12.00h;;;;;;;;;;
D5;L;;"uitgezonderd;lijndienst leveranciers";;;;;;;;;;
D1;;;let op ! verhoogde rijbaanscheiding;;;;;;;;;;
D5;L;;"uitgezonderd;ma t/m vr 8.15-8.45h 14.00-14.30h";;;;;;;;;;
D4;;;dus niet afslaan;;;;;;;;;;
D1;;;1 km;;;;;;;;;;
D4;;;langer dan 7 m;;;;;;;;;;
D1;;;Waterschap Rivierenland;;;;;;;;;;
D2;L;;uitgezonderd;;;;;;;;;;
D5;L;;verkeers-situatie gewijzigd;;;;;;;;;;
D4;;;uitgezonderd ontheffing- houders;;;;;;;;;;
D6;R;;"uitgezonderd lijnbussen;met uitzondering van onderhoudsvoertuigen";;;;;;;;;;
D1;;;Let op ! verhoogde rijbaanscheiding;;;;;;;;;;
D4;;;milieustraat;;;;;;;;;;
D2;R;;Let op ! achteruit parkeren Reverse parking only;;;;;;;;;;
D4;;;Uitgezonderd Hulpdiensten;;;;;;;;;;
D5;R;;geldt voor voertuigen langer dan 8 mtr. en breder dan 2;2 mtr.;;;;;;;;;
D5;L;;UITGEZONDERD (BROM) FIETSERS;;;;;;;;;;
D6;R;;UITGEZONDERD LIJNDIENST;;;;;;;;;;
D5;L;;doorgaand vrachtverkeer;;;;;;;;;;
D4;;;Uitgezonderd bestemmingsverkeer;;;;;;;;;;
D4;;;m.u.v. voertuigen justitie;;;;;;;;;;
D5;Unknown;;uitgezonderd;;;;;;;;;;
D7;;;uitgezonderd fietsers en elektrische scooters;;;;;;;;;;
D2;R;;GLAADHEIDSWAARSCHIJWING BLAUW:KANS OP GLADHEID;;;;;;;;;;
D4;;;rechtsaf lijnbussen toegestaan;;;;;;;;;;
D5;R;;UITGEZONDERD AMBULANCE EN BEVOORRADEND VERKEER;;;;;;;;;;
D2;R;;onleesbaar;;;;;;;;;;
D4;;;uitgezonderd;;;;;;;;;;
D6;L;;";uitgezonderd lijnbussen";;;;;;;;;;
D5;R;;"uitgezonderd;snorfietsen niet toegestaan";;;;;;;;;;
D4;;;"uitgezonderd;Drieweg via rotonde Zaamslag";;;;;;;;;;
D5;R;;uitgezonderd lijnbussen en taxi s;;;;;;;;;;
D5;L;;";uitgezonderd;";;;;;;;;;;
D4;;;"uitgezonderd;uitgezonderd laden/lossen Groot Speijck";;;;;;;;;;
D4;;;UITGEZONDERD FIETSERS EN BROMFIETSERS;;;;;;;;;;
D4;;;slagboom sluit na ieder voertuig;;;;;;;;;;
D5;R;;"uitgezonderd lijnbussen;uitgezonderd";;;;;;;;;;
D2;L;;UITGEZONDERD FIETSERS;;;;;;;;;;
D5;R;;"uitgezonderd ontheffing-houders;";;;;;;;;;;
D4;;;drempels;;;;;;;;;;
D4;;;inhalen toegestaan;;;;;;;;;;
D5;L;;vrachtauto na 100 m.;;;;;;;;;;
D5;L;;uitgezonderd taxi's;;;;;;;;;;
D2;R;;slagboom sluit na iedere auto;;;;;;;;;;
D6;R;;uitgezonderd fietsen en bevoorrading;;;;;;;;;;
D6;R;;"uitgezonderd;uitgezonderd lijndiensten";;;;;;;;;;
D5;R;;UITGEZONDERD LIJNBUSSEN EN BROMFIETSERS;;;;;;;;;;
D5;R;;Snorfietsen op Stadhouderskade op fietspad;;;;;;;;;;
D5;R;;bij groen één voertuig;;;;;;;;;;
D5;R;;"uitgezonderd;";;;;;;;;;;
D5;R;;23 00 - 7 00 h;;;;;;;;;;
D5;R;;Let op voetgangers voorrang;;;;;;;;;;
D5;R;;op schooldagen tussen 8.00-8.30 u en 14.00-14.00 u m.u.v. fietsers;;;;;;;;;;
D4;;;uitgezonderd lijnbussen;;;;;;;;;;
D4;;;uitgezonderd verkeer lager dan 2.75 meter;;;;;;;;;;
D4;;;2 x;;;;;;;;;;
D4;;;LET OP! Betaald parkeren vanaf 01-01-2022 parkeren.almere.nl;;;;;;;;;;
D4;;;"uitgezonderd bestemmingsverkeer;2 x";;;;;;;;;;
D6;R;;"uitgezonderd lijnbussen;";;;;;;;;;;
D6;R;;alleen voor voertuigen langer dan 5 m;;;;;;;;;;
D5;L;;";Op werkdagen 16.00 tot 18.00h;uitgezonderd bestemmingsverkeer";;;;;;;;;;
D1;;;fietsers op rotone hebben voorrang;;;;;;;;;;
D4;;;Bezoekers A.B.S. (brengstation) Via Rotonde;;;;;;;;;;
D1;;;let op! verhoogde rijbaan scheiding;;;;;;;;;;
D5;R;;STOP EN SHOP;;;;;;;;;;
D4;;;uitgezonderd TTO taxi's;;;;;;;;;;
D5;L;;uitgezonderd lijnbussen en laad/los oplegger Aldi;;;;;;;;;;
D5;R;;ma t/m vrij 16.00-18.00 h. uitgezonderd autobussen en taxi's;;;;;;;;;;
D6;L;;uitgezonderd;;;;;;;;;;
D6;R;;uitgezonderd ultrukverkeer hulpdiensten;;;;;;;;;;
D6;R;;70 m;;;;;;;;;;
D5;R;;uitgezonderd lijnbussen;" fietsers en bezoekers Rabobank;en leveranciers Laborijn";;;;;;;;;
D1;;;KONINGSROTONDE;;;;;;;;;;
D5;R;;Parkeren uitsluitend toegestaan voor bewoners & bezoekers Holysingel 274-664;;;;;;;;;;
D6;L;;"ma. t/m vr. 07.00-10.00 h 15.00-18.00 h;150 m;uitgezonderd";;;;;;;;;;
D4;;;uitgezonderd ontheffing houders;;;;;;;;;;
D4;;;PARKEREN OP EIGEN TERREIN;;;;;;;;;;
D6;R;;"uitgezonderd;Houd 1";5 m. afstand tot elkaar gun elkaar de ruimte Vermijd drukte;;;;;;;;;
D4;;;Bathpolder na 2;0 km;;;;;;;;;
D5;R;;uitgezonderd bestemmingsverkeer;;;;;;;;;;
D6;R;;ma. t/m vr. 07.00-09.00 h;;;;;;;;;;
D6;R;;"uitgezonderd;tractor en bestemmings ve keer uitgezonderd";;;;;;;;;;
D5;L;;";Bromfiets + snorfiets";;;;;;;;;;
D4;;;";onleesbaar";;;;;;;;;;
D4;;;"wegsleepregeling van kracht;Tijdens weekmarkt ma 9h-18h verboden te parkeren";;;;;;;;;;
D4;;;4x;;;;;;;;;;
D5;R;;12m;"OB502;12 m.";;;;;;;;;
D6;L;;";uitgezonderd aantoonbaar bestemmingsverkeer en lijnbussen";;;;;;;;;;
D4;;;uitgezonderd verkeer lager den 3 mtr.;;;;;;;;;;
D5;R;;"ma t/m vr 06-09 h 15-19 h;uitgezonderd";;;;;;;;;;
D5;L;;ma t/m vr 8-16 h;;;;;;;;;;
D6;L;;slagbomen dalen automatisch;;;;;;;;;;
D5;L;;uitgezonderd ambulances en bussen;;;;;;;;;;
D6;L;;uitgezonderd lijnbussen;;;;;;;;;;
D6;L;;"uitgezonderd bestemmingsverkeer;uitgezonderd";;;;;;;;;;
D2;R;;Alleen Schiphol Valet Parking;;;;;;;;;;
D5;R;;";uitgezonderd ontheffing- houders";;;;;;;;;;
D6;R;;OMC;;;;;;;;;;
D5;L;;uitgezonderd fietsers en (t)rouwdiensten;;;;;;;;;;
D5;R;;"ma t/m vr 8 - 17 h;uitgezonderd";;;;;;;;;;
D4;;;UITGEZONDERD WERKVERKEER;;;;;;;;;;
D1;;;educatieplein GEMEENTE UDEN;;;;;;;;;;
D4;;;";i.v.m. draaicirkel keer om bij de volgende rotonde";;;;;;;;;;
D6;L;;"uitgezonderd lijnbussen;met uitzondering van onderhoudsvoertuigen";;;;;;;;;;
D1;;;verhoogde rijbaanscheiding;;;;;;;;;;
